velocidad_viento,temperatura,label
0.027233413152483663,0.02592063549758769,4
0.01883301549539112,0.0218963582036395,3
0.019560592082505563,0.019921662238520363,3
0.016628040828591144,0.02192419083539408,1
0.02158487471804668,0.021502483526135336,3
0.01879341878341308,0.014399336246852436,2
0.022038900795950302,0.021967984657923472,3
0.01753578610437294,0.0164455938110171,2
0.015003406711370638,0.022137841576502292,1
0.024838508526168913,0.028235328777761217,4
0.02215245623051685,0.015067534551845799,2
0.026516476536852025,0.030354181072725563,0
0.02771482174623051,0.029203882775787227,0
0.02465701046743843,0.024698688489055026,4
0.027510652075058668,0.025281902162058376,4
0.020061623977772253,0.014861822138435888,2
0.02452564272840206,0.02471841501571681,4
0.0283312758272846,0.025173833777739997,4
0.021621894018419765,0.012669406149511111,2
0.01471064103279564,0.019661157751638906,1
0.02100941999589882,0.01947224526345327,3
0.01788793490141417,0.012211462411964392,2
0.018977596430103983,0.021395466498374194,3
0.0262878488554017,0.030350500626444867,0
0.021950936260510027,0.012864916033666806,2
0.028690254344436963,0.02996667700715091,0
0.02759909332470765,0.029836860786917368,0
0.02966895916783314,0.025513661797698334,4
0.027475466157392416,0.030612837677099946,0
0.0191588451060832,0.013026860175902296,2
0.016626396784482973,0.014804784729011878,2
0.018663730497082077,0.020709660550394093,3
0.019602214607420745,0.01914111963775091,3
0.019919633055755347,0.02057550345463192,3
0.02511728409479507,0.024293247229374867,4
0.02087728778638004,0.02285720433770729,3
0.017295581141913107,0.013500389487694204,2
0.03121322527830302,0.02763376498669513,0
0.019179693111347908,0.01431166164845681,2
0.01901886177013502,0.01657914661058651,2
0.017304161298078366,0.019506562769187136,1
0.021643291995191882,0.014538234235855133,2
0.020395920430173714,0.019245980124586146,3
0.028086524658970647,0.03143742572279511,0
0.0197634806356641,0.015227051299499868,2
0.019106572352467956,0.019129350785594003,1
0.012845800003634373,0.020409236482437663,1
0.02723738204883815,0.02906372733479135,0
0.028441030684532177,0.03147529067564886,0
0.018380152019040582,0.01615164193755565,2
0.026716201760813223,0.030789878424633984,0
0.015482646329834052,0.01988616187741375,1
0.018976242081014512,0.013633653733007687,2
0.027505679966366145,0.023753131011119297,4
0.021606493254760724,0.019822140856266362,3
0.01562543631605426,0.017534513702691386,1
0.022559777655778143,0.019682791960281398,3
0.02704060487428437,0.025736647681287448,4
0.023033809506078338,0.015557865980853175,2
0.020475963273362475,0.014320207250382803,2
0.027042048294308004,0.026428402795343493,4
0.02654901322454461,0.028896457171446416,0
0.01836289228979403,0.02191078369934621,3
0.014861607226373107,0.01777849223673523,1
0.02781300239909213,0.029693245107159778,0
0.018928813435718114,0.01566049221427918,2
0.02088345638612195,0.022836364151104824,3
0.028266106291794286,0.025381678982861693,4
0.026091361834463537,0.026426686095641205,4
0.019448313485926415,0.014869730969726222,2
0.026841053402010113,0.02453940234926772,4
0.014977538030067942,0.020822985412928863,1
0.015725812542148734,0.01954544126006606,1
0.026189990476847894,0.029879011977831743,0
0.027084734809320905,0.024373194759156346,4
0.02633031758070766,0.025309998040097786,4
0.02623559517490477,0.026130122123267957,4
0.029703779601314564,0.0320543503614588,0
0.028487625369863503,0.02873904791508727,0
0.027028139935792797,0.02632318426344321,4
0.014228995423359862,0.020724234979028377,1
0.01733568898698858,0.017857465880971472,1
0.01852863717550187,0.013823053691163696,2
0.020759732201079125,0.019934586796911572,3
0.02935214999806535,0.030837115004206172,0
0.026434425135835878,0.02541689678266877,4
0.027717817522642386,0.027783750850860767,4
0.01660095620302737,0.014990238663755647,2
0.027025612233900462,0.030071865865963856,0
0.02149571109778068,0.012157893833462644,2
0.027504306092489966,0.023541593222935333,4
0.019962681634074837,0.014348728150978906,2
0.014860858762940679,0.018806044702479083,1
0.025931490634021767,0.025310725932288853,4
0.026709028325132732,0.024819376052698607,4
0.02698068012127993,0.030588226617376625,0
0.019176854551072323,0.01458386095417319,2
0.019322388430921936,0.014178562335005798,2
0.020034695469831186,0.020438508702298103,3
0.013942725669906111,0.019006747000226688,1
0.0255149383820437,0.02377337567133033,4
0.01622171642687002,0.019661912290480213,1
0.022474909141946702,0.020734602598527562,3
0.012909077656232776,0.018629334532360108,1
0.028240568633577465,0.022955956948737363,4
0.013629370546989488,0.018564124688388986,1
0.019266065415735868,0.013779035094116293,2
0.015805991614493878,0.020589767213050364,1
0.015991655808818048,0.01938312318294453,1
0.014026764976098062,0.01846461913926592,1
0.018092411017147418,0.014126668177918461,2
0.029012848227049613,0.028108591910725924,0
0.01673285751095687,0.020770819853079714,1
0.026349301848988132,0.02643043030426382,4
0.027706402154931465,0.02974636950719787,0
0.021149363309069046,0.020755753715890612,3
0.014794002308350167,0.021986044538763575,1
0.015325982303636904,0.01823410812612943,1
0.013926920865233314,0.015827997130688238,1
0.016446294438457635,0.0193529104733018,1
0.02249654759416955,0.021201189393777783,3
0.021887926072537475,0.021860793031675898,3
0.028316907628613462,0.03104837781148989,0
0.017752038615368098,0.013765218781709181,2
0.022044785562982148,0.020247160341128476,3
0.028179100154400876,0.024265272634380865,4
0.029471424358237557,0.030708787098216714,0
0.027305757375477874,0.02871597759555209,0
0.02084667209431068,0.013574510370176554,2
0.019027000027438245,0.013038129721350917,2
0.022244794916041866,0.020942825612585154,3
0.01719630063353487,0.02059903570677606,1
0.017676599805170383,0.016350806554637977,2
0.018960990393880713,0.014246601205458662,2
0.020808757753606796,0.015348605091885004,2
0.027411266422403376,0.026972722905742586,0
0.02171598794727824,0.02070435351314657,3
0.01795408045883381,0.014122726096326551,2
0.021009788284515475,0.018972201005314975,3
0.015352468884638888,0.019885766749510453,1
0.01840677448222023,0.015726574662148708,2
0.015673579232642773,0.01978262218721086,1
0.01989454160675284,0.015242706272724154,2
0.021610755237938338,0.013988688987188027,2
0.020169107438616853,0.01326437871507608,2
0.027355350163528223,0.026627463135035556,4
0.02772088298592234,0.026535497323834437,0
0.020221724464984384,0.02173828832039508,3
0.02686224614969742,0.02994621826707981,0
0.02689923388533951,0.03106844406655153,0
0.020988491683106663,0.0214571456507622,3
0.026801953431123206,0.02329705315455727,4
0.027972781818537233,0.025008433801116194,4
0.01535076915469579,0.01979823616193762,1
0.026012691514867764,0.03063761343268346,0
0.027202969175222063,0.03146498916222905,0
0.02981920752738705,0.03237660852052329,0
0.02449688251096576,0.02787563861697544,0
0.019347316547748832,0.02204455893945724,3
0.027160698062295183,0.02586137785326906,4
0.020990685576167352,0.02136783281510984,3
0.026838033193221592,0.028924178652483735,0
0.01909333332831058,0.014622643496790131,2
0.02904301214230531,0.024626284784411534,4
0.021457130731470115,0.020862825792566184,3
0.02159984438076579,0.013317416417191176,2
0.021687669227429714,0.020137739016211617,3
0.02888772162294323,0.024659238344298243,4
0.029919883826323403,0.025283678049572413,4
0.024043255747982883,0.021346440906175046,3
0.02725204656906379,0.030516581109647504,0
0.018840055672820002,0.020000389757136094,1
0.016962677247884812,0.02012393063522151,1
0.021027149449455867,0.013184573217588346,2
0.02830942439869382,0.029872011285559216,0
0.031006351270335956,0.030027331846770693,0
0.022571984942429374,0.014383261546861719,2
0.019971338746812003,0.0207698189777438,3
0.02964114167842378,0.027990843282102537,4
0.019426505310526393,0.015889778117689244,2
0.030218709154082018,0.029961305148505264,0
0.029705432211344935,0.030189066252972335,0
0.02178295093763755,0.01910418810568176,3
0.024141711130971775,0.02441162944294371,4
0.014770960533873844,0.01862999058922275,1
0.016613375281250477,0.019138100054488218,1
0.02611894138042915,0.03161917647957966,0
0.013868906007877409,0.02234244610167435,1
0.028130296444331654,0.026025684373859617,4
0.014125947061694425,0.021087695149112396,1
0.027908828236974433,0.02943494414954538,0
0.028694690950898195,0.022988731871572705,4
0.020547286896806547,0.021394048079824583,3
0.016008984174442645,0.017782651350073266,1
0.021567126350289154,0.022376618010810864,3
0.023314222034679182,0.021524639332271108,3
0.018889156361182394,0.021375682358259807,3
0.02604390507725529,0.02695840935887594,4
0.021955815617672122,0.020525027339954798,3
0.026214574412886778,0.02409778104735585,4
0.02678493053775362,0.025304329617703056,4
0.02191462877212482,0.02045625555141361,3
0.030033456326286744,0.025920288201662263,4
0.021003653681945643,0.021098427898744183,3
0.027675297753925174,0.029815612844848145,0
0.029576914895805585,0.02924174011094101,0
0.029179087839120713,0.030005174089380072,0
0.020243796735784397,0.019142972343776366,3
0.015433433009841156,0.02041368409023007,1
0.019421184091471352,0.012871930237177179,2
0.026006628927663145,0.024944034257406846,4
0.014629977180598627,0.021906257289123487,1
0.0202700403659546,0.02245640438821928,3
0.019694049926892,0.02009233113477033,3
0.026592522362048513,0.025674631180181134,4
0.029091400774376035,0.02950209953374182,0
0.021022082203092454,0.013644618122060522,2
0.02814098294952098,0.028532812229116883,0
0.018774930546386036,0.01637013566717967,2
0.027299564623432773,0.022178014501253476,4
0.029123353543388675,0.029209965717782005,0
0.020677973452026245,0.013575505398893238,2
0.01832099747380815,0.012945045997927698,2
0.016128475459254662,0.01879399748356422,1
0.0285357802647364,0.022842418358731312,4
0.015151632396120666,0.020972189351001074,1
0.018604220324899085,0.013833310071460677,2
0.019878681130488834,0.020037291962467972,3
0.022208357724004053,0.022601785576135958,3
0.01595788899508738,0.017864810844795496,1
0.028808258817997878,0.027652117894732015,0
0.027777333408997136,0.029828701820733744,0
0.028028567481853166,0.025782488810271738,4
0.02891663427328319,0.02956917237380492,0
0.019762551715473333,0.021962811911601748,3
0.015489234474281783,0.01946817007369069,1
0.018057994579589846,0.020533408853378187,3
0.027156170228572703,0.023856119919537906,4
0.029382245504938637,0.030223902869037433,0
0.018720678204221686,0.014155051173341386,2
0.02896541339576265,0.025246198156489902,4
0.029112408504505166,0.03215889465686529,0
0.026705735969615087,0.025599050563296134,4
0.0203313443543628,0.01402632649539058,2
0.027256923251644714,0.0315313053719109,0
0.027352537570655176,0.023672168193377568,4
0.029626350676212478,0.029900749898418517,0
0.019197719864935674,0.021875033902294037,3
0.016993057504056473,0.021073909531024046,1
0.017067213248882843,0.020108106436951483,3
0.028936848595935854,0.029031150925586717,0
0.030340960405576642,0.030578937607193858,0
0.019631098992123164,0.012824033699768601,2
0.018059805178693586,0.02186089774166057,3
0.028253233080602555,0.025359702963514228,4
0.015676599640305336,0.02328043615701609,1
0.02721041749500565,0.030358932446935084,0
0.01843344628606875,0.015297840038398843,2
0.017169028261548994,0.019797117341693322,1
0.026937261407212178,0.026350412314425163,4
0.02567740505410834,0.025797363173308812,4
0.013277318002436686,0.021858183877814925,1
0.018768989379553114,0.015083709562753931,2
0.01532882268743052,0.02082534304490437,1
0.02180475970705908,0.014437679765479572,2
0.018587091934559374,0.02129183116355538,3
0.022447580470071067,0.02064780433840489,3
0.029287207076988835,0.024111919551729828,4
0.021262571079368943,0.02137465500249864,3
0.02565900929253858,0.0264468508805381,4
0.027142347944777066,0.02407632073534118,4
0.021930601972941704,0.01947071192660581,3
0.028300181115494115,0.025626140097531676,4
0.025699882601482725,0.025803121306101323,4
0.02054322818891532,0.014887284646120758,2
0.018528755512477138,0.021714090175834373,3
0.020819422932077863,0.022698753315537806,3
0.014244629222711795,0.01944149386516531,1
0.023512575464228195,0.021431431670247792,3
0.015450452674098928,0.01955160718681875,1
0.027474731517467953,0.029800118581511055,0
0.017481313366271255,0.021750116798988035,1
0.022773980032741475,0.020734548051540198,3
0.026827888358661435,0.024569784339567042,4
0.027754185028942297,0.02617063721732296,4
0.021246006021469133,0.019339470735381763,3
0.014352134488743095,0.020093133879159092,1
0.02923603223013217,0.025141204086961563,4
0.02669435552344976,0.025928026938050658,4
0.026170831882727962,0.02602967590568711,4
0.03071235605234829,0.026375964398226585,4
0.020703892788032398,0.019870184515475474,3
0.02679544586915953,0.027356713595772596,4
0.020187249069570017,0.02051136194914131,3
0.0197965530554229,0.019786778569485033,3
0.028674158371975088,0.028556955213531552,0
0.020979132114717636,0.019467498504801894,3
0.012488473377545562,0.01947100092450374,1
0.021767967823168866,0.01948841510368364,3
0.027544730338046452,0.029715311960043605,0
0.020107502082178576,0.015862833940254648,2
0.018981956997748926,0.015875541681900078,2
0.016197848033919247,0.01941493088353512,1
0.0214357129660291,0.022542135719699936,3
0.027073584455379884,0.03133440249889279,0
0.02870770952148858,0.02755788837814122,0
0.027944095416276505,0.025723424535927488,4
0.02679955273232192,0.025470046988591937,4
0.014300125487715027,0.02075684623917571,1
0.0135369462545795,0.020630419065583234,1
0.027520992891076356,0.031380013895874616,0
0.030346984826809576,0.028972081189417728,0
0.017821021556744795,0.015495262071661683,2
0.01807515629332949,0.021176647639937082,3
0.027126980449866524,0.024706702446348944,4
0.021161661582279685,0.020702465864937025,3
0.027315413831346447,0.0235489340798374,4
0.017212709969544184,0.02082108450905278,1
0.021855978666426804,0.021401079797824477,3
0.017987886168981757,0.013205722282871977,2
0.014654402355038619,0.01794107854244012,1
0.02812603520496748,0.031037363353983657,0
0.027990171260191054,0.025964392052995628,4
0.028625529772792598,0.025125911275927577,4
0.029462044479531487,0.03264653385795423,0
0.028065409021556808,0.030719453119473578,0
0.027360648923176332,0.02463272638651873,4
0.02107856631382736,0.019696917251852172,3
0.019798186504189012,0.019940484274870055,3
0.022359161973601663,0.021298840561961203,3
0.023102597314592573,0.026131803839148694,4
0.02758019857148318,0.03225307319493046,0
0.02600329513389421,0.025914489142320175,4
0.020412841420772716,0.02124422576888949,3
0.027823904646069864,0.027978219635083502,0
0.026653053036347053,0.030646086376347106,0
0.02588043222337687,0.024517481553993057,4
0.026198691992654188,0.0299400142474028,0
0.01913781444586409,0.023324306355075174,3
0.020449387535170744,0.013609541644255756,2
0.01424187055867825,0.019054480421396333,1
0.020865317823197293,0.021259799625235987,3
0.018603766242163793,0.019756614151298386,1
0.019099446551755776,0.01464675593324398,2
0.019996633563534007,0.014153116159578408,2
0.01949436481679318,0.015530424242914035,2
0.019210292821858672,0.014893744698903767,2
0.030068911576406877,0.027242287117148416,4
0.01832150559512366,0.014910125477308332,2
0.02630287753583073,0.03086163560274967,0
0.01904774733677482,0.013698172004486192,2
0.019549472358743564,0.014142005617595623,2
0.01898480384893678,0.014774778371439019,2
0.01319585492451961,0.020439188540174645,1
0.028354435856615498,0.027390836129316934,0
0.01466282358478229,0.020340724231969396,1
0.015523104043118574,0.018804971797036482,1
0.028315631781850346,0.030283974406683494,0
0.022144116954512467,0.014755422781421888,2
0.015020638639054307,0.018863281667460926,1
0.019767548235986334,0.01513888231030394,2
0.022474936845286134,0.015675267452266085,2
0.015261378334686429,0.022191159799949293,1
0.014921101899825996,0.01951626262103522,1
0.0229038477488404,0.018751495873254073,3
0.028232542964769177,0.030897221634299615,0
0.02885052241771618,0.031691785678661884,0
0.02912838317951475,0.025673555267344318,4
0.02682839681532909,0.02510100654259113,4
0.02119131408118791,0.022957856157612387,3
0.028480371806820396,0.02772269470877353,0
0.021000464217421112,0.02015696171391494,3
0.012251028794494433,0.01825785634928942,1
0.019254693444175627,0.019805742388686657,3
0.030022597711961682,0.03012025251062942,0
0.022636333084652824,0.020180268593394727,3
0.025938924783006145,0.026615857891933048,4
0.018034545365083976,0.014899330257596585,2
0.027307484165102494,0.024455657306166324,4
0.029179966753680703,0.029790253341994442,0
0.015417483551702024,0.01822093255589268,1
0.015952141387093437,0.017986235122558102,1
0.028553733558837648,0.029838813479023146,0
0.020303018615760785,0.019472622086390976,3
0.027617518694235333,0.02445623759349675,4
0.01975217213547378,0.020131324210383814,3
0.025795200494159187,0.030348659814392723,0
0.027765198436632905,0.025028718947752958,4
0.027946909937340794,0.030677238033167305,0
0.028145642749248214,0.025155911379953447,4
0.019857622987607716,0.01998853199673931,3
0.027609670687037846,0.03057769062976035,0
0.021907793942050016,0.014680004959652066,2
0.02047615193546814,0.022190222839096947,3
0.025525891683632704,0.026599287139997863,4
0.031023316484105123,0.02815575166008689,0
0.021001733990621024,0.02088979369237972,3
0.029685418931706033,0.02456537256047377,4
0.019510464610106266,0.012334425173115001,2
0.02139544093716284,0.014905957290354266,2
0.019887862462597047,0.014852457889507193,2
0.026381321528612514,0.02558493374318406,4
0.022283542091012954,0.021619281015166206,3
0.022341481106689473,0.02028424277704046,3
0.021344410291526245,0.022737997177096937,3
0.0257239330563628,0.02608759619079753,4
0.024452242252565284,0.025762980331328948,4
0.01803770904585188,0.019174037645246098,3
0.017498894127955456,0.013434191654554126,2
0.01794832071121742,0.019143578756830083,1
0.02911561222439327,0.03124393797395784,0
0.026889362791009754,0.02430491435051231,4
0.02106291527062396,0.014163104138149104,2
0.012546749455257664,0.021326827227169377,1
0.019737357923921124,0.01482964883777178,2
0.014261866802374018,0.02098885503936281,1
0.027716691804903274,0.026529601778151207,4
0.018277152588646196,0.014413892819064961,2
0.0285064546118204,0.031017355751968744,0
0.018134117507005467,0.0223393228871356,3
0.01542947312626786,0.02040106113159152,1
0.02140308691512793,0.020145448840443256,3
0.026473621552503317,0.02973782354400635,0
0.018752234493533693,0.013422966295771195,2
0.019672340127815213,0.015223679778189185,2
0.017528742466544404,0.01499731736886244,2
0.01857558704794115,0.01367331593611325,2
0.021084476655761412,0.012378035465379385,2
0.020905977876012415,0.021410122981935977,3
0.013380246456266696,0.01933193168685285,1
0.027017627552590177,0.02377321111998341,4
0.02769959220207943,0.028447968384355957,0
0.02201066324803252,0.020495718747768125,3
0.027845308087980598,0.029010165723300844,0
0.01843712182917677,0.016057441756463814,2
0.02537542933329325,0.024353090159799386,4
0.028567616464371698,0.027906245524211202,4
0.014602602783059852,0.020786882065453406,1
0.026660561061468933,0.024646073498158852,4
0.014139640649453526,0.019199012051882472,1
0.026922267327826845,0.024608913686458962,4
0.019010198013776004,0.015702489023661715,2
0.02329511649632365,0.021464680683118267,3
0.028954911189083766,0.02707024579027796,4
0.02715536067458827,0.024659244338906747,4
0.027662979792734323,0.02380442550299839,4
0.01953563469146558,0.021154297247633486,3
0.01816362470969991,0.015352783432326439,2
0.02735997664828221,0.030015285656690274,0
0.01966086932623917,0.021943798538849778,3
0.027566140992983577,0.024927319510717215,4
0.027117927823563374,0.02842489557179219,4
0.014898194886142762,0.019877909372652415,1
0.018849145376836917,0.013765731171089758,2
0.02067849965337643,0.01265795924476432,2
0.020749025061552955,0.021015584761544737,3
0.02061920738214576,0.02016325603179361,3
0.02713608175657359,0.030126723926070218,0
0.022276802241636282,0.02317183372890133,3
0.02794595216586349,0.027529360689723573,4
0.014724567027917699,0.020485988728195893,1
0.016920853528070146,0.01976084578108376,1
0.023929094289996143,0.02148092374549215,3
0.02759907930522265,0.029892006947231542,0
0.02041089289254857,0.021820011626095526,3
0.016891763463974564,0.018836189648902484,1
0.020548740652256498,0.01308161027178023,2
0.02674683787413049,0.032039447646563246,0
0.029507876603101394,0.030011326076579987,0
0.027483941975392282,0.025631536586205823,4
0.020427173299072406,0.013577871623542376,2
0.019591564677190948,0.01915739569285155,3
0.029865365201205942,0.025212934245870147,4
0.015222633765174324,0.02036707978065488,1
0.030028902813179867,0.027827105800142724,4
0.02090829338588143,0.021903603717107107,3
0.015745444697429622,0.019438392496794663,1
0.019491471491461614,0.022759305168416864,3
0.02662063337359498,0.028880755516775172,0
0.022949604443335037,0.01699726318088999,2
0.01786953706761903,0.015449316764537013,2
0.02887788263267491,0.02989892582448189,0
0.016321892345936426,0.015685145612546508,2
0.02115324833889806,0.020366214633285664,3
0.026329172993790617,0.03093714005398569,0
0.017493652859908025,0.018989019612947904,1
0.01912674451746533,0.014730582496586254,2
0.023167722199783483,0.01909670425061959,3
0.022774037982910715,0.021056444504446017,3
0.02766503429459683,0.031229871577201675,0
0.028098067196576246,0.026872713928433774,0
0.012092495240310327,0.020293127738591783,1
0.028828052719894352,0.029225436660792803,0
0.0164443830871593,0.02065722141353258,1
0.01326125282983908,0.018053844588870122,1
0.02752328089861706,0.03085524005955558,0
0.022295652359663527,0.019027930817289814,3
0.018960684958967428,0.014907820444974523,2
0.022675882722434024,0.021298050142713312,3
0.028439662731273584,0.028679412243643447,0
0.02544176174687946,0.02622044446806173,4
0.027035180939827538,0.031114702862317142,0
0.02681792617391729,0.029712075501182544,0
0.019994133856790077,0.013532399383894965,2
0.014663320244939115,0.019059055751821742,1
0.028779762262114938,0.02912774400204212,0
0.022661919638718987,0.022775138301503507,3
0.01593737190433401,0.019833305891512977,1
0.02016410596155709,0.01857736595487002,3
0.020028760669821507,0.02037072927540222,3
0.02030476032195121,0.016528071563532126,2
0.016720103575089993,0.018927595199601396,1
0.018305746832648746,0.015691326093214972,2
0.020054405898669813,0.014289447966576047,2
0.01605588872901318,0.01785167841392346,1
0.027322692209307,0.023980783617745565,4
0.014553557882526694,0.019116491569055104,1
0.018089077200485883,0.015212600618306128,2
0.014321248198094438,0.020100305476327247,1
0.029799327577361576,0.0279659358397782,4
0.014728120447376853,0.01804795100179938,1
0.025687265459617428,0.029342475810387184,0
0.013923360125059694,0.01825860982261693,1
0.020133811401175084,0.02030732819967276,3
0.02054444168347191,0.013443168329320524,2
0.027754256469614387,0.029596719698978393,0
0.018382880754258295,0.020985550549197873,3
0.02550236154684886,0.031206348869121707,0
0.028447778443980786,0.032236547180898446,0
0.02142400671631986,0.01433109106566925,2
0.02032392377124249,0.01426097382611661,2
0.014640600482458207,0.020823132257044026,1
0.020628206965275803,0.01246577574745292,2
0.015677358197245656,0.020989721881397947,1
0.019510963769834525,0.014135444507265936,2
0.021109346310853747,0.02048717314606321,3
0.016738746149632056,0.020180741162628947,1
0.012508452564111174,0.019315807342781766,1
0.015604473692280038,0.018978459631328652,1
0.027452699141752284,0.029634818719011604,0
0.015510039659974962,0.020844127571906495,1
0.02771551429208193,0.02997226032577465,0
0.018167717637210406,0.01484704922258679,2
0.013944492878316478,0.01844752751727356,1
0.016569935619107867,0.013731930263252935,2
0.01667193889210213,0.020240429126452582,1
0.024766586311901664,0.0245273391890756,4
0.02602547114033332,0.022810851216692393,4
0.02000744422798071,0.015200868302723165,2
0.026301278993380774,0.025334313311673236,4
0.026145777345372538,0.029532907256595034,0
0.02514588261787204,0.025959618366411225,4
0.024712612771843133,0.027468351882336692,4
0.02647868135149278,0.026798973542976234,4
0.01613711695721019,0.02061353626191651,1
0.030373539809131243,0.025926497362393067,4
0.02372899511998917,0.021724056489546204,3
0.01772565287170386,0.021439462507180793,1
0.020664103615237316,0.02238337895360421,3
0.01330943381975175,0.021494206719600707,1
0.013849268655251027,0.019501215636797232,1
0.027741018289186056,0.02482996853725497,4
0.017698039845607215,0.018071912511660522,1
0.019374672486289827,0.01357821719763665,2
0.013966481753829705,0.01880303642952687,1
0.0278966333003764,0.024581289720992328,4
0.02826097906077758,0.02959760447820881,0
0.01901477422948339,0.02083127907065762,3
0.015931984437586335,0.01940439213503566,1
0.03007631998514168,0.029299244500632357,0
0.026131502379251263,0.025546505253620247,4
0.01964908884726415,0.014066660976759253,2
0.013891558071785267,0.020446414378520822,1
0.016561951460395977,0.015094102367521964,2
0.026068667125859674,0.025015746356646742,4
0.029906929885789947,0.029609062160769948,0
0.029008591282906053,0.02879098864532632,0
0.019155713321891393,0.015010589975424862,2
0.019885514005670443,0.017020747251596274,2
0.0248966068020528,0.024682582664291103,4
0.012463835732517524,0.02003019132844994,1
0.02608527003089078,0.02914447548773359,0
0.027607817375669533,0.023640840270249125,4
0.030801368211110878,0.02825330166737383,0
0.0268312100666423,0.029474705056556267,0
0.028548871534594136,0.03133955225037536,0
0.015421295530822651,0.017005328071702352,2
0.020512701290260192,0.013999860933873513,2
0.019977473502042657,0.019953180728395983,3
0.01984933662430799,0.02176991937402013,3
0.01933871918016137,0.02168707952215748,3
0.0198121632397188,0.015856206358497636,2
0.025172295749192317,0.025644735466929303,4
0.02813146224950738,0.0269131999261021,4
0.02123478368608903,0.021145879458277023,3
0.026982021727577396,0.027132226669331842,0
0.025951267904807333,0.030309174989513975,0
0.02221040817920309,0.0213291076781163,3
0.016071245303704913,0.022066928652548747,1
0.019457362526322238,0.012868966794375802,2
0.021316816730531755,0.020760464632377258,3
0.032490505638936525,0.030974037714295945,0
0.014676571652608689,0.020359199726684804,1
0.020797255255194956,0.017749214951243274,3
0.028080085098459592,0.027717024821103876,4
0.0252932678314387,0.024987633408615845,4
0.028027806447322435,0.03109295115592577,0
0.027606581686428162,0.026788887549321606,4
0.028932638439872368,0.025242587875830842,4
0.023780448608431308,0.02847225380654577,0
0.020460768745764874,0.013957783227493418,2
0.029068598051637126,0.029189053754605534,0
0.026379675696472694,0.023609298582992766,4
0.027755001850953476,0.024791260148202123,4
0.01520193068374494,0.019624674412216447,1
0.016739094498027494,0.01599657988892591,1
0.021353900040983937,0.023115780927001603,3
0.021682476910366958,0.02113603281143245,3
0.02711664593945379,0.025173694833708418,4
0.023292937189916436,0.020336960112097104,3
0.02631421392252966,0.026725825431347956,4
0.021726691481971098,0.01991566093507701,3
0.0247253977794699,0.031124931867385366,0
0.017060906980574903,0.018307245303000756,1
0.02125552288467457,0.019882425926893967,3
0.025832327230962075,0.03156077727469443,0
0.028868857435893316,0.030093541719226933,0
0.019287595521105847,0.01626500269535338,2
0.02079752295795349,0.02118133857785027,3
0.028868464745134045,0.02396998291128306,4
0.02816635978658998,0.03046515094088115,0
0.01896834101769937,0.012637146675343892,2
0.015493002958947859,0.01975659592507388,1
0.026816488101992973,0.02930226263840076,0
0.01957405617406517,0.02074205293981676,3
0.027844367987869306,0.023924720494522468,4
0.015571985270062868,0.018472194406524825,1
0.01854082182047443,0.021218061654607594,3
0.029994076209501078,0.029149889606170827,0
0.015456685963524317,0.020654403116297324,1
0.0278104298290076,0.026654350222277322,4
0.02669400274820015,0.02942467306007252,0
0.027919570355087776,0.025825791854524074,4
0.02207423277719458,0.015937208019067606,2
0.018729854793458896,0.021671414968956047,3
0.017936062526390545,0.013557407414983269,2
0.015151189830192313,0.01867724430459701,1
0.024111274013177406,0.023983891817878866,4
0.018737813151049974,0.019163247578231186,3
0.02761268100533114,0.028107507078839702,0
0.019716673166708127,0.014868490848516696,2
0.014223495888668433,0.01792030175013945,1
0.019798065282522894,0.018659067714656568,3
0.02862194695330402,0.025643363424808854,4
0.017801185404211828,0.015418033309762484,2
0.02507726257848702,0.02382135155781358,4
0.013980725534576176,0.01975933391631892,1
0.02818420541595828,0.03010786227669612,0
0.02197810807805403,0.01561282840674976,2
0.020398779054295293,0.013186226221213918,2
0.02363644206853471,0.03234030435028209,0
0.01566281956741987,0.01917172710160412,1
0.026560070721595917,0.03041498915889912,0
0.028680303764590454,0.02384168199779572,4
0.026239742493536902,0.030852368060488397,0
0.02964845504931672,0.02992797003575391,0
0.02605211508107869,0.028692532726025493,4
0.0271566729543513,0.02999368348959022,0
0.025833743386744476,0.03176726736924065,0
0.026437077939431602,0.02909709470029182,0
0.01889024888671401,0.015063501706256578,2
0.028908008567548514,0.02907494659913778,0
0.017420687474875438,0.020087813584220682,1
0.015867670106042363,0.020816754451936068,1
0.013803004369984292,0.019539275511739347,1
0.029418416157659562,0.031091193045455042,0
0.020861548677638456,0.01941269074374226,3
0.028291025389102272,0.027430104976046844,4
0.02102406723648052,0.02094421401962063,3
0.02172147473580148,0.022821326339079042,3
0.020496783943196185,0.020120479701270975,3
0.021579336010412908,0.013620132672347672,2
0.020268560848103193,0.02203277615829301,3
0.028124582149919673,0.024562637220409907,4
0.014540157625620118,0.01992687131597654,1
0.027174043750488108,0.031662001234911925,0
0.02809899584088306,0.030592152385825674,0
0.015812331755836642,0.019463398503325,1
0.026435325277069995,0.029325682422649442,0
0.028565281336077043,0.02631746926480901,4
0.01874764320515183,0.019686856619333074,3
0.021971011883355717,0.02030383192248742,3
0.02061825293806817,0.021473926585993452,3
0.030103708642838057,0.03068909382971594,0
0.017970021036179826,0.012944967190557684,2
0.028201605774081005,0.02550141442815418,4
0.01056374946731088,0.020288178882265948,1
0.023279070716861295,0.021578514584459887,3
0.02829788168841622,0.02665195273316635,4
0.018722688954117328,0.02079792870212127,3
0.016241631222829518,0.021862909643584217,1
0.01495394994992519,0.021134096251636557,1
0.02860987377594277,0.024538261677568684,4
0.021079259908435146,0.015041411462981566,2
0.028172979258673004,0.03254006957481437,0
0.017959098730901037,0.019039958100587492,3
0.028738291314147794,0.03025729790582674,0
0.013040951810513356,0.02128786228238326,1
0.012744021484680984,0.02216064502835879,1
0.01592512886640764,0.02099326510613498,1
0.01978836139999337,0.018757259275335822,2
0.030047035457809478,0.03107152818127783,0
0.01568958300832077,0.019175322036019054,1
0.026296022620896257,0.02740872812623754,4
0.01901875834323918,0.020083643018745125,3
0.021120796369994144,0.022019680624271353,3
0.02916913997156881,0.028906611118791937,0
0.020405069006038886,0.01899979358148774,3
0.01596117796482361,0.01979237589989731,1
0.021129421613699573,0.0121333714251329,2
0.017403839534892475,0.016481512673030673,1
0.015888015083280898,0.021080568720909146,1
0.01658024551882363,0.01900652913282627,1
0.020143725345895182,0.020384026539797744,3
0.013458439176287305,0.020221605593486982,1
0.027312192089762623,0.02917765068309085,0
0.02167548057477898,0.02037057808576665,3
0.027239868978699667,0.03006791049044997,0
0.011744201228217992,0.019613632954526453,1
0.019682963400017323,0.016026351864252136,2
0.015830992594571092,0.019934026215525057,1
0.01470960230334896,0.023169939824593557,1
0.02846129077263865,0.026303522252626665,4
0.016159836905151468,0.019898970861870507,1
0.028635596271928094,0.029747297349330612,0
0.02807790279752274,0.03212287705609652,0
0.017316466362038967,0.019976791206568867,1
0.015998131825335486,0.01977076324428919,1
0.016565156171792477,0.02086444051020757,1
0.012184276377244703,0.02075643549654844,1
0.016077415594484747,0.020261287620508238,1
0.022059770058430937,0.019481584362765498,3
0.020817863623854953,0.015038888825828498,2
0.015228313539812318,0.017882750875239897,1
0.014809245915600903,0.020758859892602163,1
0.021049064503150857,0.02176712389306785,3
0.019931112086346126,0.01878480921513654,3
0.02054547042979521,0.015580014460870907,2
0.018468149100402464,0.014846397190010876,2
0.015977515799439984,0.019556005179759223,1
0.025213221976009066,0.030839251725497563,0
0.02620947588265453,0.031367045157915226,0
0.02680979941590773,0.025079401258562502,4
0.026062406754734025,0.024170176517908953,4
0.026656340112335867,0.024278379090724212,4
0.01932928998097809,0.018351001667954104,1
0.025268759832737766,0.030031888088711857,0
0.019401066476037628,0.022536235222377358,3
0.027749755383641304,0.024694498864026346,4
0.02986854104623058,0.029219546027696115,0
0.02865950499043846,0.03206179911897383,0
0.025202174916579875,0.02850731568509755,4
0.022840451341623484,0.018432556764964355,3
0.015968664696577577,0.019111551393690827,1
0.025928957229088487,0.024702888059672225,4
0.029873861808369446,0.02854389186446483,0
0.028867993767401814,0.025494057969925325,4
0.0158036304364768,0.013450741393413292,2
0.020164617590460496,0.02021986063413929,3
0.019478516429503424,0.022153971651633183,3
0.02859216462620554,0.031230734699574457,0
0.02106554753580074,0.02118899566933765,3
0.020408845242884995,0.01317223153157892,2
0.029064633249385345,0.029815960279044488,0
0.015652661634313527,0.019255440373486067,1
0.028647718264415225,0.031549348606733994,0
0.015255932697606453,0.018130659927510968,1
0.019283687466856894,0.01826573694940153,3
0.018466685186916066,0.013048069203801265,2
0.017057967538728944,0.017316696599921504,1
0.021471433137048836,0.01978396288831077,3
0.031504468348610815,0.026003908017630053,4
0.018479361852582477,0.013614166702724539,2
0.02622510571744462,0.032048941460775894,0
0.021716304974762388,0.012977922705003687,2
0.026328443961025995,0.025688527401472126,4
0.016215939315176457,0.01808930398619622,1
0.019619580530236966,0.01367297009322408,2
0.027620592561372777,0.02888409362445066,0
0.022900538230630173,0.024372467283850993,4
0.0157127775276972,0.017203929357535414,1
0.027704982721105994,0.026470462830050865,4
0.015202170972021286,0.02133814417025591,1
0.02650463436030997,0.023352817542008415,4
0.021385770183565883,0.018819144815471495,3
0.011227315656803488,0.017471319429446203,1
0.02244707434764343,0.012793728563956339,2
0.02704762370679482,0.02647806816279635,4
0.019234770055385438,0.012956287790906405,2
0.02313872794563463,0.020641025877361305,3
0.022682242355531106,0.021615662780273014,3
0.014902958233776638,0.018895504595654377,1
0.01835790779545086,0.014005688664682303,2
0.026409535458288752,0.028610128230541834,4
0.025089516129466045,0.025382438596391967,4
0.018419966615287664,0.020097531726121817,1
0.022569521262969905,0.021816761931153485,3
0.025225044252292838,0.02539072223924921,4
0.02525779930348008,0.026241782234551606,4
0.013929323562352344,0.01687779376048717,1
0.029431225027945616,0.03147241683896108,0
0.020553560594126517,0.020779789415597594,3
0.0250158156095987,0.02062031451652078,3
0.02019534460821649,0.020670657983485705,3
0.017303976264759522,0.02043868263887434,1
0.02551573489264602,0.02920992256079663,0
0.02120145374617047,0.014797669743868404,2
0.01721722229259382,0.01993747716460019,1
0.01945776629927499,0.012862322476447568,2
0.01699580506263253,0.018912071689656754,1
0.025611153885900836,0.02707675179939752,4
0.019129783561872876,0.021601882710784504,3
0.02503499061484434,0.0310919261582975,0
0.02455957018276289,0.0275065323842877,4
0.01608861613673866,0.01850430747623654,1
0.016060198907406315,0.02155863488449115,1
0.025851995465603846,0.025280122265173257,4
0.020649287637608305,0.016245758690514582,2
0.02179112454660817,0.020328713296486618,3
0.026809652768209197,0.031425924453098976,0
0.02974517774991363,0.024934420914505023,4
0.020726877151241878,0.02067584204376359,3
0.01344214108266189,0.02156888096358853,1
0.027152935670701296,0.0281011701152795,4
0.0235484154932748,0.020769736662280436,3
0.012858422949442337,0.017800524009062055,1
0.028251660126590163,0.03020953520740629,0
0.01977907277760987,0.016350322024743135,2
0.02709660093638967,0.02873780073398374,0
0.02808519594839864,0.0259651166946469,4
0.02770386045342249,0.02456966438306512,4
0.020636533703311564,0.015795625591066922,2
0.01847550277364311,0.020855353815534432,1
0.022040604296278816,0.02111459264865107,3
0.02537316282035524,0.02886850639664037,0
0.028168398354528897,0.02622409317154032,4
0.026977146781685297,0.029582283642750437,0
0.020675827373864013,0.02025345749358891,3
0.018794572547390944,0.012518013508341351,2
0.022510418768826587,0.021989034915128138,3
0.020254843088944582,0.016347235915871363,2
0.03077836082885293,0.0313257150402724,0
0.020051686579141956,0.01970765265831614,3
0.027586189783814927,0.030950478314257488,0
0.0279925765504536,0.031201395281769392,0
0.02946396696044473,0.028834275031095834,0
0.027185408778398812,0.025824284603417992,4
0.015485523540554354,0.019593006161993002,1
0.01694051173402245,0.021402977012888694,3
0.01561020049727641,0.019379353101676697,1
0.02516459217371515,0.030405974595530957,0
0.01789362585681928,0.014021020573150949,2
0.01983741353560055,0.014144612843690752,2
0.019327254271698114,0.015658362365685713,2
0.016971835362489963,0.021012610476309306,1
0.028496156030069133,0.030690451230057616,0
0.02128758033387977,0.02226785416715111,3
0.02236296323761052,0.02174981727812829,3
0.02742516278763462,0.03095301026068548,0
0.02534774935703259,0.02432569371468217,4
0.02296756631358048,0.013529686371709855,2
0.014412216050868449,0.0192458010922407,1
0.017184583026607365,0.01931560791209358,1
0.02068603228341381,0.02181816360879502,3
0.02470526507005321,0.02459077730309695,4
0.013833784427116186,0.0204129744009699,1
0.02081423953169571,0.020414882708895327,3
0.026998396056783093,0.02487671198812397,4
0.026847884390139482,0.025915410467770482,4
0.017543606361054342,0.021633559969723142,1
0.014818898175615037,0.019526120952273244,1
0.0283143107504193,0.024714471980820937,4
0.01807850463045281,0.01746173962304385,2
0.01748495335858395,0.01531287060875099,2
0.027792476674991358,0.03174056619417861,0
0.025136540395556912,0.024903011870632562,4
0.020611118093736634,0.021481617109721227,3
0.027245827080373392,0.02937351107332814,0
0.02856709850718919,0.03212891681841436,0
0.01575874092464681,0.018496386162076463,1
0.027670878185991156,0.02906740218992265,0
0.021162011104663387,0.012594962218855405,2
0.019491447117309525,0.014310310256398348,2
0.012034435316964787,0.02014325807113845,1
0.012115766283898802,0.019148738811338616,1
0.014039065736839577,0.01925159279681527,1
0.021349726671139782,0.022295111544365642,3
0.026920921972337513,0.026461554465147422,4
0.025896426140609278,0.030055531314303347,0
0.021854048183146096,0.020333054216300994,3
0.02269381464616229,0.01471622654081498,2
0.01955806788757628,0.013797539362074233,2
0.019612275086058506,0.02140477014115298,3
0.018983833094954963,0.013793450299176455,2
0.021909664677320806,0.011960992576752877,2
0.02606468020033645,0.033038143727972334,0
0.026978566140722436,0.02656313290456283,4
0.0218943917660302,0.021880146636650024,3
0.029252292528499375,0.029122411150308995,0
0.02072723710352841,0.011699357774445591,2
0.02738248012858566,0.03161549197330307,0
0.013213776684659772,0.01908443645257874,1
0.019597572783330366,0.019280115474111834,3
0.01681834994600464,0.017598450504563466,1
0.027828963529405615,0.032552775285122126,0
0.027332738445649114,0.0244667623721669,4
0.016424565354316852,0.020185032461661357,1
0.028001043376616762,0.030720898208919493,0
0.02845470782453382,0.024916035980475107,4
0.019267108341912566,0.013521019876209815,2
0.024373441346269495,0.019595756890576715,3
0.027722578727814542,0.03073540297820115,0
0.02551791019882208,0.024739819843556308,4
0.026378602585318184,0.02563198011970089,4
0.028963974024509096,0.026334268713725066,4
0.027871749471670614,0.02513269703979787,4
0.028872102258438156,0.024132467814196902,4
0.020060404980716665,0.02112611017846749,3
0.017744390015237397,0.012917603424422748,2
0.02760391198779618,0.03131336953817701,0
0.018305874214071916,0.019212609595058012,1
0.015419355035307806,0.017956937174697842,1
0.021301555223958407,0.02007565025278754,3
0.019527742286107815,0.013943248932849648,2
0.020445553700699864,0.015604546209261504,2
0.020147672037588132,0.014756483672010276,2
0.018100165317396475,0.021071427282322794,3
0.02099166216282054,0.014923957720441338,2
0.025188966297754828,0.024447478556065473,4
0.016309392833511765,0.019301107199332836,1
0.022347311320937004,0.012839982922164518,2
0.01909799390032585,0.01290771366676203,2
0.021891726260038474,0.02003537046621265,3
0.021730920298020772,0.021434443751882137,3
0.01803835884978207,0.015296967177290236,2
0.020023864158934264,0.01587254845185472,2
0.020149505649924477,0.021523337707089196,3
0.027496306574124708,0.03168023450343563,0
0.02811080072695471,0.03053080705783136,0
0.014253724640481072,0.0206469705211152,1
0.021882658016586634,0.02040742334644062,3
0.01570726712014768,0.019339930862726968,1
0.027949122329641966,0.029683938825910774,0
0.028687672183913323,0.030130809543105094,0
0.02172898234366827,0.014432578039441478,2
0.027534943207218332,0.03194235163980953,0
0.022051570573688988,0.014091715003603416,2
0.01998285031046403,0.012377257937348741,2
0.024914972606027704,0.02824024565441848,0
0.018988571530658572,0.013050159042401572,2
0.022910222673168626,0.014510169337349936,2
0.0161282558445072,0.02251490649956653,1
0.029646780587440375,0.030415360201546476,0
0.020342831443759587,0.020685794985064666,3
0.016177703749957525,0.019127454333537165,1
0.018946185082920966,0.012815938644766415,2
0.018165728458771863,0.019775973389651525,3
0.022031133495190598,0.019440205140078392,3
0.025769473898283535,0.027587851691451913,4
0.021069465859971787,0.011530837434361216,2
0.02838169696411633,0.025013486953949813,4
0.02917996528832453,0.029454724666418523,0
0.02922944238616544,0.03019484246477553,0
0.02694015369393977,0.030818679894468393,0
0.027593409191393522,0.027447395336661514,4
0.02673583153242871,0.03149980486781296,0
0.01965859052062621,0.01540057138586851,2
0.016709270227218482,0.019401007779679173,1
0.013345699461247598,0.020384438418086855,1
0.021871333501170463,0.018799691739598504,3
0.025143554575733553,0.026174047106959655,4
0.02651013532107399,0.024247887440935135,4
0.014360660832464149,0.01650651897153115,1
0.021103110428487996,0.013448349822117027,2
0.019698428409676325,0.019458847693963867,3
0.030277896330471756,0.031443015096475124,0
0.02695361103170216,0.024666678824540083,4
0.019746856346167234,0.013979081807718856,2
0.026962048971626004,0.026368313584575708,4
0.02836641862492357,0.02993815647821915,0
0.02938367567250579,0.02436326703488299,4
0.017480521987743716,0.020528302081165534,1
0.028666309836608464,0.02859313343249243,0
0.02210412451382188,0.014216123490225425,2
0.014731101499513293,0.019823343457747784,1
0.02144755093073701,0.013534662392902548,2
0.019692939155011756,0.014391789076905139,2
0.027052999545584835,0.02971766923318909,0
0.014903905779586614,0.02006979564979087,1
0.02096718572632631,0.021424106652278545,3
0.0264904664696693,0.02946181692388136,0
0.013208385037080017,0.01940226553986211,1
0.01933647378819466,0.015566707575873168,2
0.013689677790224524,0.018299992490786624,1
0.024960236025545215,0.02581546763499879,4
0.014594481498437395,0.01788604217581826,1
0.017571834246512017,0.014031897196260624,2
0.020875034580730718,0.020898394917908854,3
0.019464861398476294,0.017210058871834306,2
0.015472653026268048,0.019633447695082445,1
0.0150658241484168,0.019407085891542702,1
0.027454412934804644,0.03248617776462909,0
0.016117323903221365,0.017894220412507766,1
0.027711066743412158,0.02609613035561143,4
0.014856508379413219,0.019096328531009735,1
0.0181965624948238,0.014934502865140871,2
0.016557942791985938,0.021939279412538315,1
0.016071580535082806,0.019941333072211097,1
0.030000602107349575,0.02573548676774182,4
0.022633718038429673,0.01907757545478488,3
0.020447439453513832,0.02215877396946717,3
0.017816815506725422,0.01871176281023481,1
0.027999666684558923,0.024988383620229798,4
0.019259280992660256,0.01541384298006731,2
0.02960313439000689,0.031827514965987846,0
0.021150112960821667,0.015590222059023376,2
0.015470960546899093,0.01991755364312729,1
0.022504389404311768,0.02072602644198436,3
0.027903032826817577,0.02910894945156096,0
0.027505740846845223,0.025032330156665263,4
0.021797666508886954,0.01933320425752935,3
0.021669354304286407,0.020309022235679517,3
0.018855034143349433,0.014168782453293997,2
0.026394142420199246,0.02588392668453714,4
0.013947325775636076,0.019563173234234378,1
0.030024640954963197,0.024453004280295593,4
0.028931185407457073,0.02649990732619571,4
0.021832932803776565,0.016333548784171995,2
0.028887673486309183,0.03216184526040948,0
0.027331458478085168,0.028138565636927137,0
0.017013985416851323,0.01685296820313949,1
0.028390546531327242,0.025372760330516907,4
0.018201568258518125,0.013006349881436927,2
0.02602837135787224,0.032968646451630564,0
0.024622562487483412,0.029508085252240482,0
0.02815796377862873,0.03132095036368582,0
0.021664179059974822,0.014520857999365101,2
0.027967471254062657,0.0258699678917151,4
0.027160029716943264,0.030548086790458975,0
0.013237184057862986,0.019790342065536325,1
0.02698372176132495,0.023352825589536746,4
0.03040610862385792,0.03087270982754107,0
0.016301997270661683,0.017801890838387853,1
0.018008685734314217,0.015205125219569024,2
0.01730612669431923,0.0162903844393614,2
0.027116547875516334,0.029983808431143854,0
0.027279936085826594,0.024205723086337328,4
0.025421054056421862,0.026503705391682775,4
0.021313719116004392,0.01440811457431474,2
0.020168780128679942,0.02164780315527676,3
0.014748846741786833,0.020007616458302412,1
0.014973384855092411,0.016712921876291708,1
0.026504521665023238,0.025359305876024682,4
0.02075260380922177,0.015082350432275486,2
0.028199907209302762,0.02540435881239002,4
0.01909288946733989,0.019554030613369657,3
0.015282844214779441,0.02049745139361314,1
0.02769590451221035,0.028813001210033176,0
0.024925703291397112,0.028837977111974424,0
0.015855395315619213,0.019258896186020707,1
0.02566098000225919,0.029327889236529188,0
0.015151041822330099,0.02203252967893726,1
0.027805125154999798,0.025850060518893197,4
0.02679473303386682,0.022775860104040035,4
0.0240028837991964,0.022325257158794385,3
0.016431567338521375,0.01942957959627437,1
0.016977992141480814,0.019940509714989785,1
0.01638386258094575,0.01818034350015553,1
0.02738635997898253,0.028313476990694766,0
0.022171427823599956,0.015074570824885057,2
0.02873198058875466,0.023586526448689443,4
0.018953552470883796,0.021018612346802752,3
0.02585778410299258,0.027800318372031306,0
0.029005805202758445,0.024879818830238067,4
0.029719933390972498,0.031331417438458235,0
0.02082665390497918,0.016614570516900715,2
0.02608711710928233,0.029397148561803945,0
0.023289796125407745,0.021126037884796032,3
0.02606168566778733,0.026893281200273268,4
0.0219295927286902,0.01985785114408838,3
0.028357425350870793,0.029724441028863544,0
0.018331424642779297,0.014489058771120318,2
0.02504555794707092,0.025027823991668426,4
0.017202325648415222,0.019727778492183164,1
0.02908802691009557,0.029196310030822736,0
0.02237283317482702,0.022315679416050015,3
0.02239037803099098,0.013758706965258887,2
0.030535347595295775,0.029027296740460572,0
0.02145342092094852,0.021509479648412422,3
0.02599037040368897,0.025919204623733753,4
0.01803794626293997,0.014403591297865224,2
0.019972475915413533,0.02101296229839353,3
0.017169325525127437,0.01955615651492401,1
0.020353346296523852,0.016450450706926956,2
0.01833610582000818,0.013891491338550685,2
0.011382940551612774,0.020699150697922712,1
0.018125594841743923,0.01981287131942987,3
0.02258170901274138,0.019258652276532513,3
0.02083132373471971,0.012464491467023383,2
0.022960698434657277,0.021541566910297856,3
0.020174258799307506,0.01663319935347045,2
0.018165956346185123,0.02187891359121644,3
0.015974645280113643,0.020331160700751808,1
0.028747987591574074,0.025272344722963375,4
0.0215293708617071,0.02224395730419115,3
0.02814006740367283,0.02548858460102114,4
0.02646162034743258,0.025239953232696274,4
0.029590641848886223,0.03033651581799822,0
0.026185378055402612,0.030061112812807895,0
0.028189087535173525,0.025973941864545443,4
0.01661852500641868,0.014383949283652032,2
0.019940520669349027,0.013571572738966656,2
0.01755617912296851,0.014440896410830049,2
0.021612347922666218,0.021366466465902147,3
0.0163577039156167,0.019609621470934136,1
0.02841526472472535,0.024367344095574676,4
0.01569127652689995,0.020024260450546196,1
0.02618135631751242,0.03236307671338994,0
0.017302896128796395,0.01370499717230763,2
0.020808920968559862,0.020816020404570677,3
0.021042869114189063,0.016343721294867625,2
0.02499599360843669,0.028590384017436413,0
0.029101791841025022,0.03001893221442431,0
0.02104449305422775,0.02018314102601592,3
0.018513548684412615,0.014098081760312122,2
0.01567490654474593,0.021068496205116166,1
0.0180171611340752,0.011891292750137217,2
0.015407402383140492,0.019007667532372395,1
0.020481128279456116,0.016110382475769545,2
0.01895634631358231,0.02227857132746794,3
0.021391133141327415,0.012980793147071071,2
0.0247856023557857,0.027577014497323905,0
0.027832593762264116,0.027460516718468497,4
0.025443453072405524,0.024525064541075777,4
0.01623908051208676,0.021451582671313956,1
0.024517735994422345,0.023388393571435875,4
0.01574714013589563,0.020742070354184967,1
0.021651849225563513,0.014932075194184566,2
0.013103214135518853,0.020579830978044288,1
0.01961215813715579,0.02093893582479805,3
0.02841653138490062,0.029877341883995188,0
0.026863133760982268,0.030425268365581976,0
0.020805876737451517,0.014441876089020665,2
0.015282244312443327,0.019968538857671258,1
0.02936037109755001,0.02395336971101756,4
0.020222131872713135,0.02311960941714177,3
0.02720526564814383,0.024839306833063277,4
0.018338637524303526,0.0132005179981848,2
0.01580501817659901,0.019419036198522685,1
0.02893564471391091,0.029374140297932592,0
0.025424116265724078,0.025015818266403544,4
0.02133372160892801,0.020650021116936288,3
0.023594036168830036,0.025393496762974716,4
0.01661761536207415,0.01980147442364701,1
0.029867375103704064,0.02443445693928328,4
0.016037534726111097,0.019113064320311162,1
0.020569762060423602,0.01833683985349686,3
0.01563074421342921,0.021713072822077715,1
0.01839675792727779,0.019725432189742514,3
0.031205434837441474,0.028247406097620376,0
0.02070398929560507,0.015290373027850569,2
0.016191379480997414,0.01803980041972703,1
0.015974174463613065,0.019371326808929237,1
0.016362841703134616,0.014776993387189534,2
0.022775519155973773,0.021569371103840624,3
0.019606587267354536,0.013950668629861447,2
0.02619170495904597,0.026340735360376816,4
0.021994822022208156,0.019371690255644343,3
0.028312481141167665,0.028947636171367395,0
0.0297617447208506,0.023787992810010296,4
0.026724804476414038,0.02369854670296619,4
0.02012091201613653,0.01226403093222372,2
0.028901363358918103,0.027017349056612516,4
0.028822248309093614,0.029735667951689228,0
0.029587609706692723,0.030463737822228786,0
0.02657909163820193,0.028814950160204227,0
0.01804913485965611,0.014230679925824706,2
0.02075291293822922,0.016545395694650918,2
0.017531243471682525,0.020541841236034815,1
0.030252564748832585,0.030096069872115296,0
0.029076503216183786,0.029145564076573007,0
0.022441636203341272,0.01934168152655626,3
0.020466290754093796,0.019409654009345644,3
0.020508091959252614,0.01966633443941483,3
0.015006717338933894,0.014684901509239979,2
0.015744332417092544,0.019469596337183002,1
0.019815262372516757,0.021071274619099446,3
0.01777317574387788,0.01999044793769922,1
0.024072223747948145,0.027366386825382692,0
0.02014949264206316,0.014207669426529691,2
0.019208070379735005,0.013365948688165473,2
0.027619940478889386,0.025777064447238925,4
0.027856196389724152,0.030859645989704407,0
0.02856931879179475,0.03131726613898154,0
0.029187547298376127,0.02582263264206857,4
0.029745321455483566,0.02866841687721764,0
0.019078278968497477,0.012401854064469952,2
0.02568396588212682,0.02427965535625579,4
0.02191786400743165,0.01978039321371187,3
0.02605950130915689,0.031021620909848942,0
0.019911404602316166,0.02044287709245798,3
0.01593939333141519,0.017392064743000497,1
0.021406214177039064,0.021405395319597384,3
0.02579556970863491,0.026979955174900188,4
0.017283138651205582,0.01965586306511398,3
0.022433292192133688,0.020333323244621504,3
0.015258137690570958,0.019709366893008545,1
0.026959495688439757,0.02635985461781377,4
0.01579581577514722,0.01926354888946913,1
0.018090576560677744,0.018003288988639125,1
0.01444512433493014,0.01844281058941139,1
0.01758167392491097,0.018630096283218676,1
0.025755742341480616,0.023872964818466496,4
0.027886420226175254,0.025418159695251064,4
0.01687666966386214,0.02111480581766308,1
0.013516065195503852,0.01824247676248615,1
0.026807338986316428,0.025436168519836936,4
0.021426727432830337,0.020888903587533283,3
0.02820117693489513,0.0223296049968098,4
0.0172720482660183,0.014666761175108418,2
0.019774043714693323,0.020851884586122513,3
0.028638724680035893,0.030253118623091605,0
0.021196882659827606,0.014493693743272792,2
0.014880012352992654,0.02095280426459354,1
0.027631552458044772,0.02471850943899822,4
0.02739256623764091,0.029490294746895192,0
0.020993327231230565,0.015688946674924653,2
0.014027410169591466,0.02202851720487137,1
0.016538423075898517,0.01985041527981229,1
0.015358972034060234,0.020093569375708605,1
0.02737908742477768,0.030436286647915336,0
0.01622892287124609,0.022680830112027407,1
0.026430212306057285,0.030681037767502667,0
0.0277747071048755,0.025742335699387574,4
0.013868207796409392,0.0196757797426193,1
0.026218152664582144,0.030169701877958824,0
0.02868678193611672,0.027215485249050347,0
0.020442574132653508,0.019996864151717787,3
0.016510771471499798,0.018031026098004166,1
0.03053002629787725,0.028128016434514343,4
0.027941869997507113,0.02676814109105652,4
0.021575693313455845,0.015450593669042065,2
0.015759090541123528,0.018635741925933137,1
0.022251457082534013,0.014724470136584036,2
0.017447020327550935,0.015712632913394867,2
0.02598933301484579,0.027065691159901786,4
0.016468025447991426,0.020715313980325185,1
0.02197876441887723,0.014791798567232048,2
0.014902382538749032,0.01970817588695243,1
0.027319290041877182,0.025093492783320872,4
0.014945707990895122,0.019928591725655802,1
0.014922903558258796,0.019263005361240173,1
0.02718348781293098,0.03075278354127998,0
0.027489004657189616,0.030194144624964815,0
0.01393531263356057,0.019831190188759767,1
0.021121630782978983,0.016638394366658343,2
0.016391399164413258,0.018365546109642264,1
0.03063526564669438,0.02835883596241242,0
0.029849299618042155,0.029422845533606197,0
0.01700343763231739,0.015386969307762774,2
0.021211216990424185,0.014682127429760968,2
0.02001145395543014,0.015677405662264193,2
0.016882063994196297,0.01818966164487532,1
0.03008932198457403,0.02920305440107347,0
0.014660224073848989,0.020319519310307198,1
0.020406467143954592,0.022242575533404342,3
0.014571631283333336,0.01986088295011202,1
0.018649646247867583,0.01454933413127346,2
0.022765978915704872,0.016503491857690955,2
0.014551589637072853,0.01896503009457243,1
0.018502234379240118,0.02061731583330714,1
0.027359905143651088,0.02873394312395577,0
0.015040790876972859,0.02085006116057456,1
0.014507444980974216,0.021792781683382,1
0.02596179024579454,0.02423086055130806,4
0.013817651647337887,0.018933189930899152,1
0.013764447307751821,0.01917923688307948,1
0.02356891506986926,0.022924934421421215,3
0.02729767745545478,0.03175176060931432,0
0.026618769069289595,0.02736372430125259,4
0.01959121939394901,0.019276145924537517,3
0.021584031869163554,0.019978790140396968,3
0.019145695856326805,0.013841043835081147,2
0.0260498529332122,0.022741260450234644,4
0.027154276610868798,0.030391635863192608,0
0.027915970712986803,0.029386414652692646,0
0.029684981676158993,0.026172068058248486,4
0.017325751108993318,0.018976310566578804,1
0.02111829851010852,0.01486417219680722,2
0.012202670922023887,0.018976124498400904,1
0.0261477594944114,0.025066165780458543,4
0.014675625188100398,0.019992559854403194,1
0.01405752351248687,0.02197195742055588,1
0.027316680956957766,0.02445709672420856,4
0.01898351185735231,0.015393626301865948,2
0.016098176318722558,0.021141771683208792,1
0.01695862930065306,0.01942382993393428,1
0.016831513294056587,0.01944160927703336,1
0.02492832358655725,0.030394492774903407,0
0.022788482958588537,0.013817055798332211,2
0.026657992787594578,0.025151930256780183,4
0.023022891251902704,0.014145116716206049,2
0.028362588638155696,0.027479281594391402,0
0.023290071825844635,0.014451817096221701,2
0.01905950327138788,0.0218264428188237,3
0.016394888677282247,0.014710596334331699,2
0.019877539726193928,0.020851935099529442,3
0.016660790410649676,0.019598968507548033,1
0.019916259164534243,0.015741786895897985,2
0.02882695689174369,0.031135514564978192,0
0.028662533471993133,0.029595822371160752,0
0.027500115896450416,0.030431592284436638,0
0.02888867807504385,0.031172625941534055,0
0.028159808938791265,0.026490527218097668,4
0.02817592792613738,0.0247875861728082,4
0.028408868488920703,0.023771378446515192,4
0.015905347950685645,0.01944581020320418,1
0.027507569288961357,0.02552093023983656,4
0.021907371894783003,0.022205915721994887,3
0.015493984207746201,0.021201626887195645,1
0.02721679780756188,0.025144688779856497,4
0.020325282535877346,0.024313646420062226,3
0.02168607035139228,0.019281821214342566,3
0.025991181928586137,0.027076504435258726,4
0.014923738338222666,0.020373583368271952,1
0.02136309942134503,0.0203448762568539,3
0.026257785378297944,0.02609426576472252,4
0.014840413954728397,0.01864867029017157,1
0.016884152798105144,0.014831069181722773,2
0.027255344386462748,0.02591399096073513,4
0.01912650059466953,0.02135542466166436,3
0.03052635287751922,0.02490209485681559,4
0.01869957649828762,0.013445328676369736,2
0.03055881696867424,0.029887307624827567,0
0.020646122675037154,0.020549029483838306,3
0.02421351565274167,0.027779598917888178,0
0.012980566164735054,0.019509449402877542,1
0.02175066045405144,0.020052604325410284,3
0.013649878995384864,0.020396101397345115,1
0.027741989289315195,0.02719259760943512,4
0.020987450030120827,0.01953684302406761,3
0.027027867281047075,0.03236160255844326,0
0.018803429994201173,0.013708562218986246,2
0.030169910607622467,0.02741389331381566,4
0.021117226476112014,0.021046627907287677,3
0.029986954302818013,0.025274523397626127,4
0.028798431107132583,0.030477710122260866,0
0.029473909653507095,0.02537273917344106,4
0.015223734672696825,0.02145573918623705,1
0.021825006112779367,0.02218226260542309,3
0.030222769356691617,0.02855159932703684,0
0.01429340885354546,0.01890283026469406,1
0.027834361691838613,0.03009985711989302,0
0.019778924814437552,0.012349603064505707,2
0.02070778428351714,0.023049730120923078,3
0.026573284847162256,0.030790051295778092,0
0.026632346738706632,0.03084774889950701,0
0.02154976729989221,0.022138906806099364,3
0.01584943408895029,0.019534299551840342,1
0.026959206629190994,0.025023425557459907,4
0.017974054682955747,0.01544083601457108,2
0.027458424284341573,0.03195399889369541,0
0.017630391677879945,0.018599847892417597,1
0.020176794863857574,0.019752699916500957,3
0.02621474339888483,0.03099128585071049,0
0.018606929824248157,0.016921322404222734,2
0.014400413553376177,0.019199171225830335,1
0.01936331419699582,0.014444316887344101,2
0.030520169147813293,0.023966986077835307,4
0.021024648434276497,0.021635594055840802,3
0.02793585721152098,0.031746616097216,0
0.02755154973287248,0.023872569835741007,4
0.020636403924979483,0.022002428215948173,3
0.022990506158323102,0.02039814294830042,3
0.02856856927232554,0.029108670407501248,0
0.015648428941238142,0.019161342913225007,1
0.024773853357236454,0.026702673684953087,4
0.027443374018371536,0.029480766142669187,0
0.027591087827058623,0.028872099158442882,0
0.021935218889572814,0.013403253862745492,2
0.011408347451605563,0.02017095025039957,1
0.019982016099904933,0.01934087174503798,3
0.018762661155806645,0.019696168447818636,3
0.021056726116644758,0.015656894356276357,2
0.01853149868846937,0.014602258971172113,2
0.029384662694875475,0.024551711053490126,4
0.01579257396011879,0.0205808893215088,1
0.020022011385177396,0.016356229299341354,2
0.014823460176866204,0.018070686883149834,1
0.011697466819433941,0.02010061904404531,1
0.02712858642611987,0.023169530576353296,4
0.015853868715881566,0.019759356878567558,1
0.025934726155650997,0.026156055007548567,4
0.02554332553590877,0.029411922806053377,0
0.025481962130838864,0.028944529634683185,0
0.017756218460931013,0.015828168110269665,2
0.02773061023221282,0.026961772997607915,4
0.01552423476437186,0.021608065541134796,1
0.02803009185853852,0.024366552428302202,4
0.027303014841226124,0.023335865862457006,4
0.026805724617309346,0.02593068005528205,4
0.028395405540082866,0.0311992814497354,0
0.019734437428225008,0.02270444132915799,3
0.027607682140331227,0.029220383679987465,0
0.017343786139872502,0.016055425126903434,2
0.021588903783030553,0.022909667217466057,3
0.019504225115464065,0.01459343816661226,2
0.01721460997426201,0.015430304403392036,2
0.019974358496039422,0.021817488426932135,3
0.012886336321184256,0.018763558559421467,1
0.02235358842639441,0.02048796312807034,3
0.032931725835506395,0.02922492008138229,0
0.026293131365500457,0.02535328763981465,4
0.02287099451133146,0.016524103082454528,2
0.013193874842072503,0.019964678578891556,1
0.01754833677053759,0.020883046790906093,3
0.01618716500338565,0.021273081208359166,1
0.0190973002494997,0.012921461379781425,2
0.013620080928127571,0.020336199486439898,1
0.024424154234222124,0.026558963662406565,4
0.025393339572205798,0.03482140434943191,0
0.020508026251854945,0.015197293874795141,2
0.01941700578285434,0.014881170774353785,2
0.018998804664189205,0.014517794208942227,2
0.01964228623624193,0.014410403080605734,2
0.015667891370703874,0.018716047127999996,1
0.02882308993522053,0.029417721142071338,0
0.01758816049034702,0.019407242004002456,1
0.02709866590725015,0.02234841020526712,4
0.025863992073961353,0.02522872591197016,4
0.02863122579940344,0.029126155029131812,0
0.017323729440675645,0.01505959784426502,2
0.016796682580888414,0.020468653284274586,3
0.020568554974979225,0.014808263722712474,2
0.02210678748186244,0.02057183569695813,3
0.025692187816238908,0.03147449748734471,0
0.021495507459628527,0.014863433209647746,2
0.029453874763305434,0.029782198293976426,0
0.018012184423171977,0.01593491175287688,2
0.022914987909327625,0.023237033478175993,3
0.02452329770609897,0.025533079152840116,4
0.02743850588745366,0.024411594616059847,4
0.01942148372831505,0.01542995290843708,2
0.02755089611083858,0.026662748969140802,4
0.020517848095820787,0.013411829022498795,2
0.01370283797955243,0.01853303823380179,1
0.02768964002220171,0.025465447807805033,4
0.014527236803366598,0.019950001754484657,1
0.026248833015925933,0.02784398334918739,4
0.02496838465673528,0.02576775939949168,4
0.028081311531502024,0.025199839522831276,4
0.028303091229157546,0.029061590521450423,0
0.01190624396540599,0.0189435184833577,1
0.016123135465881257,0.020085106323147302,1
0.018217650603656745,0.013148169247431724,2
0.01929269467644933,0.018994230576645347,3
0.02667845083002153,0.022960674905676604,4
0.022106662752258806,0.014251156108099199,2
0.02563242152973703,0.021300990251584696,3
0.02888467777367066,0.027963898299393646,0
0.029055604550544865,0.024282525430968732,4
0.028100236269741025,0.02413619513112468,4
0.018671090722123227,0.014984550902740834,2
0.027358253350373125,0.029678383254863983,0
0.02213237328856745,0.021517624291138668,3
0.02697622500452737,0.025679273225425903,4
0.014928041040333755,0.019427766735069338,1
0.019986227447290766,0.017057002377604952,2
0.020079378814007457,0.021020016084354956,3
0.011921573102656695,0.020198321511256646,1
0.02895501206512906,0.025903141461701508,4
0.02903633531838726,0.031048092575454822,0
0.026462914602182128,0.029307421931951048,0
0.027072657672030688,0.024607384892891573,4
0.014560251368924653,0.021481207416234264,1
0.021673402392697706,0.022512665934331703,3
0.016787504759713502,0.02040285414836319,1
0.018484431269069273,0.01427452005354536,2
0.02269372498957725,0.019199084720514358,3
0.02563612010230976,0.02625842165255724,4
0.01917664392892303,0.02358597573881612,3
0.02909601895157071,0.02983663224589921,0
0.02013732901553224,0.014389270399648312,2
0.028067936222802244,0.03134833655318334,0
0.026581577875761264,0.025606443875772766,4
0.01720478391733261,0.016828555885269332,2
0.022261488784187745,0.019970320651450272,3
0.021619000997708002,0.019905620016832843,3
0.02301260709952218,0.021992976144530926,3
0.014341078494471518,0.01839562775913558,1
0.019311468510730487,0.015528968066127437,2
0.019423963842297953,0.0153968390721464,2
0.02845247385565136,0.027552722734476034,4
0.021115433655190207,0.013606426149470278,2
0.019962171174048943,0.019224229733153554,3
0.019758640953486735,0.0164997030232075,2
0.021167911548737154,0.015821757812544964,2
0.013996766993774333,0.018827434121593937,1
0.015192358813839707,0.02051744613247809,1
0.015489443029316407,0.020752749565627445,1
0.029606387887658674,0.028611522836687737,0
0.02124582136881398,0.019946355569450822,3
0.02245986107508937,0.022469635526885842,3
0.029206857007690854,0.02933757606706865,0
0.013719852204118282,0.019910202163647563,1
0.02048410259990551,0.020278024525153038,3
0.02111767772190157,0.02228817163695655,3
0.026578911341582752,0.02500083701171753,4
0.02214814026858306,0.014860907304924892,2
0.025789460879338467,0.019466089126527874,3
0.029990328501142513,0.030634657445412054,0
0.01759601177698394,0.014117276706367119,2
0.027520775695624427,0.02603851506350412,4
0.0220254784520922,0.020940296910975403,3
0.02310650508174108,0.020389242648148613,3
0.027986417966402583,0.02467659227935246,4
0.020817086858778668,0.02128928436072665,3
0.016236809851187133,0.018340659707989065,1
0.019207326932411232,0.019856468021410095,3
0.02881487037959149,0.025766703629475113,4
0.02046468276179545,0.01982665536113059,3
0.018506884267330336,0.013365335855651424,2
0.020409297413315937,0.014836420520569533,2
0.024625568577833094,0.028942638021416143,0
0.01886114804583928,0.021798313314678776,3
0.03053781551523205,0.0290102778439233,0
0.02627035871610829,0.02658986027210757,4
0.021480549260328267,0.021389527096969476,3
0.028830422349110985,0.02942780630089247,0
0.022013098146583445,0.020049968579328795,3
0.016207512856873996,0.020925371401010223,1
0.020310073052153585,0.021698969442966374,3
0.028044221954410153,0.028088817945041596,0
0.02134706984862826,0.020001247880209405,3
0.028213989049595618,0.02667374445451767,4
0.028583834719378993,0.02851811191113464,0
0.0251596702853705,0.02521377471640568,4
0.01997667619893911,0.02178226272684052,3
0.027177405869000824,0.024555385783404604,4
0.020165424250872952,0.022194724507141893,3
0.020174628874903434,0.023199160113318296,3
0.018485822601547918,0.020505259067448753,3
0.015022561353074167,0.01937923705310309,1
0.027946713690498094,0.024650756904254275,4
0.017907956615739143,0.0159088067650118,2
0.019798931788874905,0.01363267546049177,2
0.029610294194724756,0.025205814704153753,4
0.02720052232209431,0.029136258423526986,0
0.013616835661934227,0.020135257542232127,1
0.022365550630959085,0.02251932824797714,3
0.028922611263901582,0.029527914227910075,0
0.018182221114862774,0.015189113290892304,2
0.015722466704665882,0.020058711615293365,1
0.020511352371521713,0.020868632454013877,3
0.022764263163095228,0.020603957111884712,3
0.02238451569552681,0.021167647916415015,3
0.020656336659694515,0.02106741148830848,3
0.027363181867345484,0.02453852996677269,4
0.028126106704386367,0.02673046519319721,4
0.02030112184454916,0.015438746251266377,2
0.01969656583299668,0.020448259839607054,3
0.02160155898065327,0.01913661283127198,3
0.015883022551275966,0.01981954909681753,1
0.028921119240230237,0.023124051124807928,4
0.01658467635115501,0.014544566068839285,2
0.0190325374079848,0.01531870275451141,2
0.020620717158617664,0.018488755489480237,3
0.02015903300370947,0.02296073744271927,3
0.018826379343918048,0.014154569561741354,2
0.026700164252641337,0.03133158845149422,0
0.020941424632716015,0.013738426541064237,2
0.02207642531551235,0.02211543269884825,3
0.015399902589365324,0.019612006198785923,1
0.02832069442298403,0.03180086512938913,0
0.02138368699649426,0.02018998965358412,3
0.02074203886908539,0.01830922125282424,3
0.014155420583159217,0.021101733315423546,1
0.021748286306565376,0.019700377474449714,3
0.028894689147356347,0.023815335984287766,4
0.0220220506260657,0.019781968058380825,3
0.01614090817705797,0.019270686942366416,1
0.02594807837478772,0.03034668130268571,0
0.02933504211020717,0.02597965318707872,4
0.026257625158264214,0.023963417928226247,4
0.027983475289337922,0.025759812315754815,4
0.02500138319593845,0.030071918297537147,0
0.02215667321565136,0.013260416088964617,2
0.024160097732167405,0.027890532418357223,4
0.019108667334251782,0.02071803990894849,3
0.02070101813112128,0.015444354898867849,2
0.013063945237481674,0.021087200118526654,1
0.016298242842518414,0.018783091252884736,1
0.024916817977013953,0.02542709649597503,4
0.027415608353938973,0.02686225950936116,4
0.02312786060843203,0.021791322105880376,3
0.022728520806930882,0.02212155837610018,3
0.020130008940617304,0.025352039911840357,3
0.026251519265750145,0.030569629500170375,0
0.021066390713683544,0.022115391935372906,3
0.015188508428322714,0.018826883995933314,1
0.022833556558309556,0.015010677474486629,2
0.016634952045261754,0.014472460244366553,2
0.020578567834331304,0.020462282059516265,3
0.016849919441485946,0.021815993670175678,1
0.02740889301384524,0.027414064015979355,4
0.02001058807887197,0.019224096356904058,3
0.028568814156061623,0.027894388735862932,0
0.03100110527726028,0.030680732790043058,0
0.019029808380866535,0.013442248661566639,2
0.0175760013160234,0.02260822065542134,1
0.02666719125828927,0.029603799705560603,0
0.024824179238523172,0.026066727725288088,4
0.018431211494670023,0.013841100193685283,2
0.021946040129923582,0.02147852742654921,3
0.028567193113541348,0.030732016495130104,0
0.021440659492484155,0.022270788960088387,3
0.013582868909101544,0.019604972349862748,1
0.02188422284785858,0.021193966981281218,3
0.019396097304627845,0.011765651403427505,2
0.020089861901341356,0.01468418151090897,2
0.02762702241432993,0.02974793916523861,0
0.02007428962395073,0.019705737483687286,3
0.026085349382463572,0.026726116692980174,4
0.015645128047258414,0.019770684061645272,1
0.020108496300865236,0.02038634768283118,3
0.017285950769557943,0.01571218398490258,2
0.02754459976679818,0.03176655595073327,0
0.020910666154951525,0.01952585642587898,3
0.027453626618864593,0.02343966187559041,4
0.028339077966099645,0.029529338428365554,0
0.020831598192199305,0.012725597855078518,2
0.021287561587198356,0.020944941722971032,3
0.01859700462910553,0.019025438206380772,1
0.022514167884310453,0.0207443792909142,3
0.026881304772637404,0.024943500260710752,4
0.028210051944641927,0.025181165860028727,4
0.02193320384071821,0.014580113808186043,2
0.01420008224000719,0.020017096430039773,1
0.020562811812360627,0.01586587451974537,2
0.014666017287482524,0.019820568016778298,1
0.029657022146874622,0.02991306763576872,0
0.016354760495366723,0.020559641012400664,1
0.026562706106264475,0.02387166183594317,4
0.017988261371786367,0.015475636710120907,2
0.013639238945271416,0.019365268996502913,1
0.014202284594942823,0.01869633484468974,1
0.018595729281107372,0.013408329657675577,2
0.028771563576685685,0.030359849339883685,0
0.02023555723899485,0.014516329048067635,2
0.015844252993319582,0.019587295468984866,1
0.02866579265299064,0.026545885324514046,0
0.0247102135126402,0.02468303395770298,4
0.027354445631808607,0.02551173438681578,4
0.02912196732214595,0.025278716208589878,4
0.03044004288323757,0.024904741124511284,4
0.020720016865808506,0.020832568481057752,3
0.027334114139013,0.024166066041539435,4
0.019931819149747895,0.02090818954281755,3
0.02000938247036688,0.020509549609564758,3
0.02541695578741147,0.025297985696226506,4
0.027273283016733405,0.030973326917308502,0
0.02094840144991941,0.019761825471991474,3
0.021199198478487714,0.014680730533906528,2
0.01779777078988399,0.022527159172518952,3
0.013854309561422428,0.019847959424507677,1
0.028865461819897006,0.025055875382246455,4
0.01598840101802224,0.01967792764638187,1
0.017686987222906476,0.020755947796691827,1
0.027907859572316077,0.030179283763212977,0
0.0208268498585807,0.018361460828565303,3
0.017674476157228062,0.02111877222233819,1
0.01962368692622142,0.013260243258340843,2
0.021588655786952717,0.021071993092129038,3
0.013744951234369958,0.017908844530418185,1
0.021700879927034126,0.018420335964741835,3
0.02263351863785989,0.0201904811493566,3
0.01874977150573086,0.01423192310160177,2
0.025750490614562208,0.027023567253034265,4
0.021314338424136756,0.020553403109266982,3
0.026386343742611913,0.02410525385032087,4
0.025034613140124475,0.02672144715946184,4
0.01813109941363968,0.018955193490538123,1
0.02012125568792291,0.013851543594854316,2
0.018717527173859338,0.013904468376310994,2
0.02853226298996417,0.02460753827810757,4
0.019204114030784775,0.021035994429543417,3
0.020320435399541002,0.017709961301527594,3
0.018678261270581774,0.019663446472874557,3
0.019863884324685516,0.020078445333729326,3
0.018523309058136067,0.01410259769404866,2
0.01873701231286933,0.013246698787058342,2
0.022456140286591784,0.01477318957011684,2
0.025756135961564956,0.030062144890369725,0
0.02144276707863123,0.019195661833544153,3
0.02913455953413356,0.02348956539789434,4
0.027541450627615198,0.023866709542723366,4
0.017448002462795306,0.015711201507359145,2
0.015375612402451522,0.019675138882607662,1
0.015364538819324576,0.02034728981975217,1
0.03067203031053506,0.0306546101994278,0
0.018358600600809075,0.015807717404326824,2
0.01930734931484301,0.01583824322654988,2
0.027125305314811086,0.029579995786771885,0
0.02258277899886994,0.015129941595427123,2
0.019325193656773095,0.013228029537132905,2
0.015238535058160538,0.02022533282813476,1
0.025497829615140008,0.02501252062362233,4
0.020572663702019326,0.019283769960106507,3
0.027156475552975495,0.02692486031891298,4
0.026184100511474177,0.030249537669169383,0
0.02897412287303098,0.025903219631870287,4
0.018712697902160576,0.012924633612563187,2
0.028236191385752687,0.0307996756490848,0
0.018441957529748334,0.013749517391326857,2
0.030357229231492838,0.030376713639155922,0
0.017554722435406914,0.020367713742375025,3
0.01860306374842577,0.011684106120307406,2
0.021416472284787682,0.01475924288307501,2
0.019991219867236884,0.022696761506925536,3
0.030132567251013785,0.027781263923258623,4
0.016673254707586394,0.022675219482907842,1
0.0291582285163543,0.03110480010844375,0
0.014268716220437206,0.019682772604477122,1
0.016578992525010848,0.015289595378090713,2
0.021053507230106468,0.015700314198434494,2
0.022286798920894413,0.01943097619164436,3
0.019409491265324416,0.019676444961737066,3
0.028448974241390833,0.029779477251090952,0
0.028625420721175545,0.02986899256964982,0
0.017574938494435685,0.0231074454056224,3
0.02804697077514148,0.029997879015984188,0
0.02841566342591135,0.02835078712058892,0
0.02600236079840183,0.031036958249155776,0
0.02145457622674645,0.01655662973610537,2
0.01913332313616644,0.01487291911460261,2
0.021306919251149428,0.020379653138362517,3
0.015150374396942352,0.01983705026963288,1
0.02506477101450861,0.026066048812478818,4
0.014386863569947336,0.020489811669571305,1
0.02066299670888799,0.021723874150420146,3
0.01715942617400421,0.012869692888660392,2
0.018376720565862346,0.015506831693802538,2
0.026523330306839912,0.026215760033478433,4
0.01574553353431144,0.018721843666858747,1
0.020738055315314235,0.01956058393980519,3
0.019445228780939166,0.015224806033167101,2
0.01684682423127401,0.018855940468067066,1
0.019947371484420655,0.015325292857551194,2
0.02797509066018928,0.03022094536561314,0
0.027108948981326066,0.029757384910730118,0
0.012869622773817728,0.02031770773948597,1
0.028545557079345724,0.029117795891280038,0
0.01115611172999963,0.019175615026403955,1
0.02164690048713982,0.014713413064012802,2
0.026968802048278985,0.03064440952492274,0
0.019543863598240382,0.012676380821189284,2
0.026189257693260953,0.025490224566574352,4
0.028517151745891783,0.03092516149489099,0
0.019467929342630398,0.022840599423604686,3
0.02499127266951617,0.026488890528056554,4
0.015626103233696963,0.019395863988913922,1
0.021687842825527805,0.014530884869901624,2
0.023524261761706414,0.021345148419434083,3
0.015923215227023373,0.021320069489718804,1
0.029637531799390514,0.027261546606467877,4
0.01189055930413011,0.020438454580349732,1
0.028517711856699067,0.023145751160901618,4
0.01913113354489973,0.020373016273927094,3
0.026779617047930287,0.028896479937866947,0
0.01597862979290643,0.019301318214593136,1
0.026680490025077747,0.031464024879672495,0
0.028530230255455726,0.026108248748074946,4
0.024854757013199957,0.024321151576020637,4
0.019825248883588588,0.020812404110129322,3
0.029153700045874833,0.03185641583242756,0
0.026801615620740075,0.026077104492821697,4
0.025283957156406783,0.02477078126919626,4
0.019872009504218767,0.015860417195920417,2
0.026046617946582588,0.02708028040391547,4
0.020551819287967434,0.01939855707649033,3
0.019041444351357906,0.013986342790703323,2
0.0173164607377457,0.015130985773950667,2
0.024461567900421786,0.026559368479688233,4
0.015622643572397035,0.019490307981781245,1
0.029351665957454198,0.03085291170724723,0
0.027909200223729235,0.028584358839961826,0
0.02902498116893155,0.030134117015075512,0
0.028526565893805186,0.03005670931886128,0
0.029420057894992364,0.028149115500769678,0
0.02561683018311779,0.02516633892493119,4
0.02787985732955211,0.028247253764009286,0
0.027324029753476822,0.02495411726000564,4
0.027842101498533868,0.025329790515305997,4
0.02533747477927895,0.030974584247626523,0
0.027823170732160164,0.029680943533585948,0
0.029328418182861554,0.02538728841882401,4
0.023346602429775924,0.013715837669557899,2
0.025645035396891013,0.026154579212930365,4
0.027417214941977193,0.030978199349671724,0
0.019481577099848286,0.014546841473803687,2
0.027312922227042243,0.0290410917949169,0
0.027463367739269693,0.031470449446097705,0
0.028367763921397386,0.029655634778370507,0
0.018482858157907008,0.015506056479333482,2
0.019429371425055752,0.01713675716761176,2
0.02024063518871513,0.01388073045055931,2
0.013713181250835009,0.019149982991304434,1
0.02194095409177307,0.014750661580659413,2
0.01770524399527626,0.014678042375214176,2
0.02741832695585013,0.023648762982631022,4
0.02641110319926707,0.02442534431043697,4
0.02065171780145547,0.013824080826952155,2
0.02625915996046828,0.026013525075487494,4
0.016622123718248515,0.02086510431704466,1
0.02785753397428161,0.0255428028886431,4
0.016004119161682206,0.019113380376788464,1
0.028507319887958637,0.027988277408753686,4
0.017109984077497992,0.012319135741394783,2
0.020143125130663728,0.02006174064012692,3
0.029203689268453018,0.03088298186803989,0
0.02710568461277132,0.02636605475663812,4
0.02747800438849131,0.03000180361142199,0
0.015179260013604137,0.018962365855521197,1
0.022021564674692296,0.01895976176268449,3
0.020814971214049856,0.020656974529611852,3
0.021284286993684197,0.021654729263044712,3
0.014606306205057278,0.01826056974275268,1
0.02636697667740076,0.029830663647702947,0
0.019087855466324587,0.014087787475631877,2
0.018248668273908763,0.013232544136184613,2
0.022171362470937695,0.01633408264189997,2
0.01820354274924657,0.01279144586790227,2
0.01805278614005315,0.020641689877044834,1
0.021360143208437706,0.020053408033045898,3
0.02116263825654043,0.01935175520557955,3
0.019020053710866864,0.020338769732534092,3
0.029253409591808995,0.030578634947264784,0
0.023601568120457526,0.020471461459794112,3
0.030105556637725638,0.0274327065145947,0
0.01768735868227115,0.019205863186977902,1
0.022420120956503295,0.01390799310935008,2
0.021423995143195457,0.015206837667391915,2
0.02702872827659706,0.027637156098657356,4
0.01488102495637216,0.02110586231657209,1
0.028120298828846393,0.029728247389865892,0
0.02898672622660445,0.026794333321246835,4
0.027728745936268777,0.023547415562621597,4
0.030691406101995385,0.024264939578212366,4
0.020869829065764973,0.01298775168079941,2
0.029380142163373524,0.03127685073278508,0
0.020247402431604753,0.015698856334217366,2
0.01922248719613667,0.015289311384633731,2
0.023725500312022,0.02358554516413214,3
0.01673528020341596,0.02013314937056767,1
0.021266018305701063,0.015310798249063041,2
0.016510066212632877,0.01986837455149464,1
0.029553522780676723,0.02885490576849218,0
0.027189303329894738,0.028758837846417827,0
0.014916659699386275,0.01998555560134845,1
0.015176981927921024,0.020029821332741782,1
0.02095704461468272,0.020696344475188467,3
0.02837114932453655,0.029071481017906648,0
0.02853573593967482,0.02921660536382107,0
0.024132097256484776,0.02121248706445448,3
0.02505806722352574,0.03147929863883488,0
0.0311328451778114,0.028997432439994707,0
0.019591411954293664,0.013019317387153532,2
0.019794746265492096,0.014805157362861414,2
0.01755257647068871,0.015567449536849222,2
0.022897713098344027,0.022796052029528408,3
0.027676008363130212,0.028983025413534064,0
0.016421423320402712,0.021333713949277657,1
0.028143175243049177,0.02761026945722665,4
0.029333840294179195,0.030079305657581268,0
0.027677808682155986,0.031249801302389385,0
0.025364679735742118,0.024070326257404965,4
0.026588275947786073,0.031190462254262415,0
0.017691362876341286,0.02218250191940279,3
0.017331907081449733,0.013498249236503362,2
0.025713959244200932,0.032132139120124976,0
0.027959975296202807,0.029179780301038207,0
0.021241537589521402,0.021179549619744806,3
0.018698422175619452,0.014851983712551576,2
0.02140978318093125,0.013911375065545123,2
0.01568982080753661,0.01860619462580165,1
0.013175707350715866,0.02041842931087282,1
0.018034839072066593,0.012693163082407454,2
0.019345786824212764,0.021431958472838915,3
0.028210547700426906,0.022932416919406725,4
0.016968376626707103,0.018280227669052393,1
0.016702328828599372,0.019012031926268366,1
0.027301012362550222,0.024436035281143364,4
0.02916108383469531,0.029835459654973556,0
0.02103580719299359,0.019199951238881206,3
0.028007471585067074,0.02659630274620779,4
0.02059900875956902,0.02007515357689314,3
0.027565153735819442,0.030681912762247406,0
0.020872093746994554,0.015288882829434119,2
0.027644057484604342,0.028322651036746655,0
0.018200057062027233,0.015001491872532803,2
0.0209503176153474,0.02125864246477991,3
0.031726513668371197,0.029656537808989625,0
0.01650131252758985,0.021705767106365025,1
0.026932033601519727,0.029232755041352632,0
0.027025597340404193,0.026599399629935388,4
0.025473206474810252,0.026720619516079597,4
0.014103648455464838,0.022135197463798738,1
0.026526282900664295,0.025590810689001663,4
0.02824542946258499,0.025948352645559277,4
0.020993092169480403,0.02149750851399302,3
0.027797662747385047,0.02606030049072837,4
0.02752103917048282,0.0254412523479122,4
0.02138736373275218,0.020910197626969374,3
0.030457808927353256,0.030203445747955793,0
0.02593014596213038,0.024721074808313453,4
0.021327231532783007,0.013627195334606391,2
0.01868631671042974,0.019361968645045174,3
0.01733841288384308,0.013567682567616564,2
0.013736211450979443,0.021193991426988464,1
0.01729420730102631,0.01905163718839818,1
0.02398869453441454,0.01752020919045029,2
